id,d,t,c,st,sd,rid,av,sv,ch,md,dr,os,cap,wid,ctx,ov,ep,tp,eb,ea,es,sh,srq,sfl,b5,cs,fee,te,ts,v30,v60,du,dd,eds,ods,drt,ma,sg,sgv,sge,sgd,sgs,sgt,sgb,td,hsd,fp,ff,why,er,xp,xb,xa,xs,tx,hd,pnl,pp,maxb,minb,ttmax,ttmin,tfp,sc,hc,mfe,mae,pnp,tnp,sx,status
2033,2026-04-16,16:55:07,doge,lead_lag,up,20260416T164934Z-389e59f3deb1,4.0.5,unknown,389e59f3deb1,both,1,10.0,50000.0,doge-updown-5m-1776358500,lead_lag,0,0.57,0.6299999999999999,0.56,0.57,0.009999999999999898,17.0,17.0,17.0,0,9.69,0.0344304,0.1759470089008523,2026-04-16T16:55:00+00:00,0.057,,,0.08,8.7,7.050000000000001,1.2340425531914891,aligned,71.59,35.0,11.25,10.88,7.5,0.0,6.97,0.05999999999999994,8.7,7.050000000000001,292.033509,loss_cut,0.51,0.51,0.52,0.010000000000000009,-1.625879999999999,,0,0.0,2026-04-16T16:55:12.791740,287.387208,0.55,0.51,3.63656,1,,Lead-lag UP @0.570 vel=0.083%,0.0,0.05999999999999994,-0.9429423999999985,1,0,
2032,2026-04-16,16:52:17,btc,lead_lag,down,20260416T164934Z-389e59f3deb1,4.0.5,unknown,389e59f3deb1,both,1,10.0,50000.0,btc-updown-5m-1776358200,lead_lag,0,0.54,0.6000000000000001,0.53,0.54,0.010000000000000009,18.0,18.0,18.0,0,9.72,0.035164799999999996,-0.07100219326849233,2026-04-16T16:50:00+00:00,0.054,,,-0.09,1769.9875000000002,1093.3708,1.618835531367767,counter,83.47,35.0,15.0,15.0,7.5,7.92,3.05,0.06000000000000005,1093.3708,1769.9875000000002,162.842186,loss_cut,0.48,0.48,0.5,0.020000000000000018,-1.725408000000001,,0,0.0,2026-04-16T16:52:19.552615,160.628626,0.52,0.48,1.20008,1,,Lead-lag DOWN @0.540 vel=-0.087%,0.0,0.06000000000000005,-1.0054080000000003,1,0,
2031,2026-04-16,16:52:05,btc,lead_lag,down,20260416T164934Z-389e59f3deb1,4.0.5,unknown,389e59f3deb1,both,1,10.0,50000.0,btc-updown-5m-1776358200,lead_lag,0,0.51,0.5700000000000001,0.49,0.51,0.020000000000000018,19.0,19.0,19.0,0,9.69,0.03563999999999999,-0.08423973504681315,2026-04-16T16:50:00+00:00,0.051,,,-0.08,548.39,759.6422,0.7219056550570782,counter,85.95,35.0,18.75,15.0,5.0,6.9,5.3,0.06000000000000005,759.6422,548.39,174.10999,loss_cut,0.45,0.45,0.46,0.010000000000000009,-1.8204432000000002,,0,0.0,2026-04-16T16:52:21.371461,158.804817,0.53,0.45,1.262301,1,,Lead-lag DOWN @0.510 vel=-0.083%,0.020000000000000018,0.06,-0.30263199999999957,1,0,
2030,2026-04-16,16:51:07,doge,lead_lag,down,20260416T164934Z-389e59f3deb1,4.0.5,unknown,389e59f3deb1,both,1,10.0,50000.0,doge-updown-5m-1776358200,lead_lag,0,0.62,0.6799999999999999,0.61,0.62,0.010000000000000009,16.0,16.0,16.0,0,9.92,0.032630400000000004,-0.07206094296891148,2026-04-16T16:50:00+00:00,0.062,,,-0.08,11.09,6.0,1.8483333333333334,counter,64.1,35.0,5.0,13.86,7.5,1.6,1.14,0.05999999999999994,6.0,11.09,232.37078,profit_target,0.68,0.68,0.69,0.009999999999999898,0.43791360000000096,,0,0.0,2026-04-16T16:51:08.903888,231.344945,0.68,0.68,1.267347,1,1,Lead-lag DOWN @0.620 vel=-0.082%,0.06000000000000005,0.0,0.43791360000000096,1,1,
2029,2026-04-16,16:50:42,btc,lead_lag,up,20260416T164934Z-389e59f3deb1,4.0.5,unknown,389e59f3deb1,both,1,10.0,50000.0,btc-updown-5m-1776358200,lead_lag,0,0.65,0.68,0.64,0.65,0.010000000000000009,15.0,15.0,15.0,0,9.75,0.0320472,0.056424054890356956,2026-04-16T16:50:00+00:00,0.065,,,0.09,317.5466,788.7305000000001,0.40260469197019766,aligned,58.75,35.0,1.25,15.0,7.5,0.0,0.0,0.030000000000000027,317.5466,788.7305000000001,257.9285,profit_target,0.72,0.72,0.73,0.010000000000000009,0.5865719999999993,,0,0.0,2026-04-16T16:50:45.660916,254.512555,0.72,0.67,3.564764,1,1,Lead-lag UP @0.650 vel=0.086%,0.06999999999999995,0.0,0.5865719999999993,1,1,
2028,2026-04-16,16:50:40,btc,lead_lag,up,20260416T164934Z-389e59f3deb1,4.0.5,unknown,389e59f3deb1,both,1,10.0,50000.0,btc-updown-5m-1776358200,lead_lag,0,0.64,0.68,0.63,0.64,0.010000000000000009,15.0,15.0,15.0,0,9.6,0.03225599999999999,0.0417059060944437,2026-04-16T16:50:00+00:00,0.064,,,0.08,1397.3434,461.43379999999996,3.0282640760169715,aligned,60.0,35.0,2.5,15.0,7.5,0.0,0.0,0.040000000000000036,1397.3434,461.43379999999996,259.971708,profit_target,0.71,0.71,0.73,0.020000000000000018,0.5787959999999993,,0,0.0,2026-04-16T16:50:44.853536,255.323009,0.71,0.63,4.805344,1,1,Lead-lag UP @0.640 vel=0.082%,0.06999999999999995,0.010000000000000009,0.5787959999999993,1,1,
2027,2026-04-16,16:50:06,sol,lead_lag,down,20260416T164934Z-389e59f3deb1,4.0.5,unknown,389e59f3deb1,both,1,10.0,50000.0,sol-updown-5m-1776358200,lead_lag,0,0.55,0.6100000000000001,0.54,0.55,0.010000000000000009,18.0,18.0,18.0,0,9.9,0.034948799999999995,0.0,2026-04-16T16:50:00+00:00,0.055,,,-0.17,8.8025,7.050000000000001,1.2485815602836878,counter,74.05,35.0,13.75,11.0,7.5,0.0,6.8,0.06000000000000005,7.050000000000001,8.8025,293.733822,loss_cut,0.47,0.47,0.48,0.010000000000000009,-2.0835936000000013,,0,0.0,2026-04-16T16:50:15.825849,284.351313,0.55,0.47,4.807154,1,,Lead-lag DOWN @0.550 vel=-0.174%,0.0,0.08000000000000007,-0.64152,1,0,
2026,2026-04-16,16:48:43,doge,lead_lag,up,20260416T164240Z-389e59f3deb1,4.0.4,unknown,389e59f3deb1,both,1,10.0,50000.0,doge-updown-5m-1776357900,lead_lag,0,0.61,0.6699999999999999,0.6,0.61,0.010000000000000009,16.0,16.0,16.0,0,9.76,0.033048,0.02059732234808676,2026-04-16T16:45:00+00:00,0.061,,,0.11,41.842,6.15,6.803577235772357,aligned,68.0,35.0,6.25,15.0,7.5,4.25,0.0,0.05999999999999994,41.842,6.15,76.793243,profit_target,0.69,0.69,0.7,0.010000000000000009,0.7595263999999994,,0,0.0,2026-04-16T16:48:44.481830,75.752903,0.69,0.69,1.266099,1,1,Lead-lag UP @0.610 vel=0.113%,0.07999999999999996,0.0,0.7595263999999994,1,1,
2025,2026-04-16,16:48:12,bnb,lead_lag,up,20260416T164240Z-389e59f3deb1,4.0.4,unknown,389e59f3deb1,both,1,10.0,50000.0,bnb-updown-5m-1776357900,lead_lag,0,0.61,0.6699999999999999,0.58,0.61,0.030000000000000027,16.0,16.0,16.0,0,9.76,0.033048,0.0,2026-04-16T16:45:00+00:00,0.061,,,0.09,20.525,6.15,3.3373983739837394,aligned,65.8,35.0,6.25,15.0,2.5,7.05,0.0,0.05999999999999994,20.525,6.15,107.499179,profit_target,0.69,0.69,0.71,0.020000000000000018,0.7595263999999994,,0,0.0,2026-04-16T16:48:13.715851,106.461222,0.69,0.69,1.201177,1,1,Lead-lag UP @0.610 vel=0.093%,0.07999999999999996,0.0,0.7595263999999994,1,1,
2024,2026-04-16,16:47:55,btc,lead_lag,down,20260416T164240Z-389e59f3deb1,4.0.4,unknown,389e59f3deb1,both,1,10.0,50000.0,btc-updown-5m-1776357900,lead_lag,0,0.58,0.6399999999999999,0.57,0.58,0.010000000000000009,17.0,17.0,17.0,0,9.86,0.034128,0.0,2026-04-16T16:45:00+00:00,0.058,,,-0.08,424.102,465.479,0.9111087718242928,counter,84.78,35.0,10.0,15.0,7.5,8.63,8.66,0.05999999999999994,465.479,424.102,124.878792,loss_cut,0.49,0.49,0.55,0.06000000000000005,-2.1340439999999994,,0,0.0,2026-04-16T16:48:15.296790,104.879916,0.59,0.49,14.268624,1,,Lead-lag DOWN @0.580 vel=-0.085%,0.010000000000000009,0.08999999999999997,-0.4242519999999998,1,0,
2023,2026-04-16,16:47:44,doge,lead_lag,down,20260416T164240Z-389e59f3deb1,4.0.4,unknown,389e59f3deb1,both,1,10.0,50000.0,doge-updown-5m-1776357900,lead_lag,0,0.52,0.5800000000000001,0.49,0.52,0.030000000000000027,19.0,19.0,19.0,0,9.88,0.0355104,-0.11319201481786272,2026-04-16T16:45:00+00:00,0.052,,,-0.22,7.950000000000001,7.8,1.0192307692307694,counter,84.22,35.0,17.5,9.94,2.5,9.56,9.73,0.06000000000000005,7.8,7.950000000000001,135.106857,profit_target,0.6,0.6,0.61,0.010000000000000009,0.8502271999999993,,0,0.0,2026-04-16T16:47:47.333404,132.838495,0.6,0.58,2.430001,1,1,Lead-lag DOWN @0.520 vel=-0.216%,0.07999999999999996,0.0,0.8502271999999993,1,0,
2022,2026-04-16,16:47:44,eth,lead_lag,down,20260416T164240Z-389e59f3deb1,4.0.4,unknown,389e59f3deb1,both,1,10.0,50000.0,eth-updown-5m-1776357900,lead_lag,0,0.52,0.5800000000000001,0.51,0.52,0.010000000000000009,19.0,19.0,19.0,0,9.88,0.0355104,-0.10070796841041274,2026-04-16T16:45:00+00:00,0.052,,,-0.1,126.9,20.68,6.136363636363637,counter,84.56,35.0,17.5,15.0,7.5,9.56,0.0,0.06000000000000005,20.68,126.9,135.121351,profit_target,0.63,0.63,0.64,0.010000000000000009,1.4296664,,0,0.0,2026-04-16T16:47:47.280545,132.894541,0.63,0.53,2.377261,1,1,Lead-lag DOWN @0.520 vel=-0.100%,0.10999999999999999,0.0,1.4296664,1,0,
2021,2026-04-16,16:47:42,sol,lead_lag,down,20260416T164240Z-389e59f3deb1,4.0.4,unknown,389e59f3deb1,both,1,10.0,50000.0,sol-updown-5m-1776357900,lead_lag,0,0.6,0.6599999999999999,0.59,0.6,0.010000000000000009,16.0,16.0,16.0,0,9.6,0.0334368,-0.08109360518998283,2026-04-16T16:45:00+00:00,0.06,,,-0.13,9.15,6.3,1.4523809523809526,counter,75.8,35.0,7.5,11.44,7.5,9.74,4.62,0.05999999999999994,6.3,9.15,137.166974,profit_target,0.7,0.7,0.74,0.040000000000000036,1.0815999999999997,,0,0.0,2026-04-16T16:47:45.313756,134.864361,0.7,0.64,2.463552,1,1,Lead-lag DOWN @0.600 vel=-0.127%,0.09999999999999998,0.0,1.0815999999999997,1,1,
2020,2026-04-16,16:46:45,sol,lead_lag,up,20260416T164240Z-389e59f3deb1,4.0.4,unknown,389e59f3deb1,both,1,10.0,50000.0,sol-updown-5m-1776357900,lead_lag,0,0.65,0.68,0.64,0.65,0.010000000000000009,15.0,15.0,15.0,0,9.75,0.0320472,0.05793742757821223,2026-04-16T16:45:00+00:00,0.065,,,0.16,19.75,5.55,3.5585585585585586,aligned,63.8,35.0,1.25,15.0,7.5,5.05,0.0,0.030000000000000027,19.75,5.55,194.478858,loss_cut,0.52,0.52,0.57,0.04999999999999993,-2.465268,,0,0.0,2026-04-16T16:46:50.316772,189.858277,0.64,0.52,2.408416,1,,Lead-lag UP @0.650 vel=0.162%,0.0,0.13,-0.644532,1,1,
2019,2026-04-16,16:46:45,btc,lead_lag,up,20260416T164240Z-389e59f3deb1,4.0.4,unknown,389e59f3deb1,both,1,10.0,50000.0,btc-updown-5m-1776357900,lead_lag,0,0.66,0.68,0.65,0.66,0.010000000000000009,15.0,15.0,15.0,0,9.9,0.03182399999999999,0.0,2026-04-16T16:45:00+00:00,0.066,,,0.13,2234.4434,963.0182,2.3202504376345123,aligned,62.55,35.0,0.0,15.0,7.5,5.05,0.0,0.020000000000000018,2234.4434,963.0182,194.487376,profit_target,0.71,0.71,0.72,0.010000000000000009,0.28527599999999903,,0,0.0,2026-04-16T16:46:47.967006,192.214693,0.71,0.69,2.413206,1,1,Lead-lag UP @0.660 vel=0.131%,0.04999999999999993,0.0,0.28527599999999903,1,1,
2018,2026-04-16,16:46:44,doge,lead_lag,up,20260416T164240Z-389e59f3deb1,4.0.4,unknown,389e59f3deb1,both,1,10.0,50000.0,doge-updown-5m-1776357900,lead_lag,0,0.65,0.68,0.64,0.65,0.010000000000000009,15.0,15.0,15.0,0,9.75,0.0320472,0.0411861614497512,2026-04-16T16:45:00+00:00,0.065,,,0.3,15.4892,5.55,2.790846846846847,aligned,63.71,35.0,1.25,15.0,7.5,4.96,0.0,0.030000000000000027,15.4892,5.55,195.494473,loss_cut,0.56,0.56,0.62,0.05999999999999994,-1.8618119999999996,,0,0.0,2026-04-16T16:46:50.497565,189.678424,0.67,0.56,3.607363,1,,Lead-lag UP @0.650 vel=0.299%,0.020000000000000018,0.08999999999999997,-0.18448799999999968,1,1,
2017,2026-04-16,16:46:44,btc,lead_lag,up,20260416T164240Z-389e59f3deb1,4.0.4,unknown,389e59f3deb1,both,1,10.0,50000.0,btc-updown-5m-1776357900,lead_lag,0,0.66,0.68,0.64,0.66,0.020000000000000018,15.0,15.0,15.0,0,9.9,0.03182399999999999,0.0,2026-04-16T16:45:00+00:00,0.066,,,0.14,2984.2934000000005,944.0175999999999,3.1612688153271726,aligned,59.95,35.0,0.0,15.0,5.0,4.95,0.0,0.020000000000000018,2984.2934000000005,944.0175999999999,195.51118,profit_target,0.71,0.71,0.72,0.010000000000000009,0.28527599999999903,,0,0.0,2026-04-16T16:46:48.113706,192.058578,0.71,0.66,3.599572,1,1,Lead-lag UP @0.660 vel=0.137%,0.04999999999999993,0.0,0.28527599999999903,1,1,
2016,2026-04-16,16:46:43,doge,lead_lag,up,20260416T164240Z-389e59f3deb1,4.0.4,unknown,389e59f3deb1,both,1,10.0,50000.0,doge-updown-5m-1776357900,lead_lag,0,0.65,0.68,0.64,0.65,0.010000000000000009,15.0,15.0,15.0,0,9.75,0.0320472,0.030889621087316976,2026-04-16T16:45:00+00:00,0.065,,,0.29,17.8,6.15,2.8943089430894307,aligned,63.61,35.0,1.25,15.0,7.5,4.86,0.0,0.030000000000000027,17.8,6.15,196.51985,loss_cut,0.53,0.53,0.6,0.06999999999999995,-2.3147279999999997,,0,0.0,2026-04-16T16:46:50.598061,189.582087,0.66,0.53,3.567595,1,,Lead-lag UP @0.650 vel=0.289%,0.010000000000000009,0.12,-0.33805199999999985,1,1,
2015,2026-04-16,16:46:43,sol,lead_lag,up,20260416T164240Z-389e59f3deb1,4.0.4,unknown,389e59f3deb1,both,1,10.0,50000.0,sol-updown-5m-1776357900,lead_lag,0,0.6,0.6599999999999999,0.57,0.6,0.030000000000000027,16.0,16.0,16.0,0,9.6,0.0334368,0.0,2026-04-16T16:45:00+00:00,0.06,,,0.17,15.25,100.15,0.15227159261108336,aligned,64.86,35.0,7.5,15.0,2.5,4.86,0.0,0.05999999999999994,15.25,100.15,196.529682,loss_cut,0.48,0.48,0.54,0.06000000000000005,-2.4840191999999996,,0,0.0,2026-04-16T16:46:50.604156,189.577208,0.64,0.48,1.202164,1,1,Lead-lag UP @0.600 vel=0.174%,0.040000000000000036,0.12,0.09809920000000061,1,1,
2014,2026-04-16,16:46:42,eth,lead_lag,up,20260416T164240Z-389e59f3deb1,4.0.4,unknown,389e59f3deb1,both,1,10.0,50000.0,eth-updown-5m-1776357900,lead_lag,0,0.62,0.6799999999999999,0.61,0.62,0.010000000000000009,16.0,16.0,16.0,0,9.92,0.032630400000000004,-0.02195115652466786,2026-04-16T16:45:00+00:00,0.062,,,0.15,62.775000000000006,57.69949999999999,1.0879643671089005,aligned,76.05,35.0,5.0,15.0,7.5,4.77,8.78,0.05999999999999994,62.775000000000006,57.69949999999999,197.560784,profit_target,0.68,0.68,0.69,0.009999999999999898,0.43791360000000096,,0,0.0,2026-04-16T16:47:01.398570,178.781158,0.68,0.6,18.93702,1,1,Lead-lag UP @0.620 vel=0.148%,0.06000000000000005,0.020000000000000018,0.43791360000000096,1,1,
2013,2026-04-16,16:46:42,btc,lead_lag,up,20260416T164240Z-389e59f3deb1,4.0.4,unknown,389e59f3deb1,both,1,10.0,50000.0,btc-updown-5m-1776357900,lead_lag,0,0.62,0.6799999999999999,0.61,0.62,0.010000000000000009,16.0,16.0,16.0,0,9.92,0.032630400000000004,0.0,2026-04-16T16:45:00+00:00,0.062,,,0.1,803.758,838.1903,0.9589206651520544,aligned,76.66,35.0,5.0,15.0,7.5,4.77,9.39,0.05999999999999994,803.758,838.1903,197.565405,profit_target,0.69,0.69,0.7,0.010000000000000009,0.6021759999999993,,0,0.0,2026-04-16T16:46:47.212361,192.960226,0.69,0.64,4.751041,1,1,Lead-lag UP @0.620 vel=0.103%,0.06999999999999995,0.0,0.6021759999999993,1,1,
2012,2026-04-16,16:46:41,btc,lead_lag,up,20260416T164240Z-389e59f3deb1,4.0.4,unknown,389e59f3deb1,both,1,10.0,50000.0,btc-updown-5m-1776357900,lead_lag,0,0.62,0.6799999999999999,0.61,0.62,0.010000000000000009,16.0,16.0,16.0,0,9.92,0.032630400000000004,0.0,2026-04-16T16:45:00+00:00,0.062,,,0.1,1302.1342,1145.4763,1.136762235936265,aligned,75.32,35.0,5.0,15.0,7.5,4.67,8.15,0.05999999999999994,1302.1342,1145.4763,198.589583,profit_target,0.7,0.7,0.71,0.010000000000000009,0.7666687999999994,,0,0.0,2026-04-16T16:46:47.454305,192.722377,0.7,0.61,6.019401,1,1,Lead-lag UP @0.620 vel=0.104%,0.07999999999999996,0.010000000000000009,0.7666687999999994,1,1,
2011,2026-04-16,16:46:40,btc,lead_lag,up,20260416T164240Z-389e59f3deb1,4.0.4,unknown,389e59f3deb1,both,1,10.0,50000.0,btc-updown-5m-1776357900,lead_lag,0,0.62,0.6799999999999999,0.61,0.62,0.010000000000000009,16.0,16.0,16.0,0,9.92,0.032630400000000004,0.0,2026-04-16T16:45:00+00:00,0.062,,,0.12,1082.6856,724.6475999999999,1.4940856769552542,aligned,71.29,35.0,5.0,15.0,7.5,4.58,4.21,0.05999999999999994,1082.6856,724.6475999999999,199.619805,profit_target,0.68,0.68,0.69,0.009999999999999898,0.43791360000000096,,0,0.0,2026-04-16T16:46:46.405238,193.766172,0.68,0.61,5.996189,1,1,Lead-lag UP @0.620 vel=0.117%,0.06000000000000005,0.010000000000000009,0.43791360000000096,1,1,
2010,2026-04-16,16:46:38,btc,lead_lag,up,20260416T164240Z-389e59f3deb1,4.0.4,unknown,389e59f3deb1,both,1,10.0,50000.0,btc-updown-5m-1776357900,lead_lag,0,0.61,0.6699999999999999,0.6,0.61,0.010000000000000009,16.0,16.0,16.0,0,9.76,0.033048,0.0,2026-04-16T16:45:00+00:00,0.061,,,0.1,998.2001,839.8430999999999,1.1885554575610613,aligned,75.65,35.0,6.25,15.0,7.5,4.39,7.51,0.05999999999999994,998.2001,839.8430999999999,201.68126,profit_target,0.69,0.69,0.7,0.010000000000000009,0.7595263999999994,,0,0.0,2026-04-16T16:46:46.659920,193.526285,0.69,0.61,8.305071,1,1,Lead-lag UP @0.610 vel=0.104%,0.07999999999999996,0.0,0.7595263999999994,1,1,
2009,2026-04-16,16:46:37,btc,lead_lag,up,20260416T164240Z-389e59f3deb1,4.0.4,unknown,389e59f3deb1,both,1,10.0,50000.0,btc-updown-5m-1776357900,lead_lag,0,0.61,0.6699999999999999,0.6,0.61,0.010000000000000009,16.0,16.0,16.0,0,9.76,0.033048,0.0,2026-04-16T16:45:00+00:00,0.061,,,0.09,709.3818,35.9481,19.733499127909404,aligned,68.05,35.0,6.25,15.0,7.5,4.3,0.0,0.05999999999999994,709.3818,35.9481,202.703397,profit_target,0.69,0.69,0.7,0.010000000000000009,0.7595263999999994,,0,0.0,2026-04-16T16:46:46.829700,193.34651,0.69,0.6,9.510553,1,1,Lead-lag UP @0.610 vel=0.089%,0.07999999999999996,0.010000000000000009,0.7595263999999994,1,1,
2008,2026-04-16,16:46:36,btc,lead_lag,up,20260416T164240Z-389e59f3deb1,4.0.4,unknown,389e59f3deb1,both,1,10.0,50000.0,btc-updown-5m-1776357900,lead_lag,0,0.63,0.68,0.62,0.63,0.010000000000000009,15.0,15.0,15.0,0,9.45,0.03245039999999999,0.0,2026-04-16T16:45:00+00:00,0.063,,,0.09,938.8987,143.2853,6.552651946850095,aligned,65.46,35.0,3.75,15.0,7.5,4.21,0.0,0.050000000000000044,938.8987,143.2853,203.728424,profit_target,0.69,0.69,0.7,0.010000000000000009,0.41723999999999917,,0,0.0,2026-04-16T16:46:47.120147,193.05715,0.69,0.6,10.822939,1,1,Lead-lag UP @0.630 vel=0.091%,0.05999999999999994,0.030000000000000027,0.41723999999999917,1,1,
2007,2026-04-16,16:46:34,btc,lead_lag,up,20260416T164240Z-389e59f3deb1,4.0.4,unknown,389e59f3deb1,both,1,10.0,50000.0,btc-updown-5m-1776357900,lead_lag,0,0.59,0.6499999999999999,0.58,0.59,0.010000000000000009,16.0,16.0,16.0,0,9.44,0.0337968,0.0,2026-04-16T16:45:00+00:00,0.059,,,0.09,866.5224000000001,1158.1143,0.7482183753365278,aligned,76.09,35.0,8.75,15.0,7.5,4.02,5.82,0.05999999999999994,866.5224000000001,1158.1143,205.773877,profit_target,0.65,0.65,0.66,0.010000000000000009,0.41925120000000093,,0,0.0,2026-04-16T16:46:44.904568,195.276602,0.65,0.58,10.651348,1,1,Lead-lag UP @0.590 vel=0.092%,0.06000000000000005,0.010000000000000009,0.41925120000000093,1,1,
2006,2026-04-16,16:46:33,btc,lead_lag,up,20260416T164240Z-389e59f3deb1,4.0.4,unknown,389e59f3deb1,both,1,10.0,50000.0,btc-updown-5m-1776357900,lead_lag,0,0.59,0.6499999999999999,0.57,0.59,0.020000000000000018,16.0,16.0,16.0,0,9.44,0.0337968,0.0,2026-04-16T16:45:00+00:00,0.059,,,0.11,1074.5216,895.8133,1.1994927960993658,aligned,75.05,35.0,8.75,15.0,5.0,3.93,7.38,0.05999999999999994,1074.5216,895.8133,206.79689,profit_target,0.65,0.65,0.66,0.010000000000000009,0.41925120000000093,,0,0.0,2026-04-16T16:46:45.091641,195.087394,0.65,0.58,11.866562,1,1,Lead-lag UP @0.590 vel=0.108%,0.06000000000000005,0.010000000000000009,0.41925120000000093,1,1,
2005,2026-04-16,16:46:15,bnb,lead_lag,down,20260416T164240Z-389e59f3deb1,4.0.4,unknown,389e59f3deb1,both,1,10.0,50000.0,bnb-updown-5m-1776357900,lead_lag,0,0.65,0.68,0.63,0.65,0.020000000000000018,15.0,15.0,15.0,0,9.75,0.0320472,-0.09263547938861237,2026-04-16T16:45:00+00:00,0.065,,,-0.1,9.9,9.6,1.03125,counter,65.53,35.0,1.25,12.38,5.0,2.35,9.56,0.030000000000000027,9.6,9.9,224.149909,loss_cut,0.57,0.57,0.58,0.010000000000000009,-1.7104080000000013,,0,0.0,2026-04-16T16:46:21.841957,218.335237,0.63,0.57,1.2655,1,,Lead-lag DOWN @0.650 vel=-0.102%,0.0,0.08000000000000007,-0.7974480000000003,1,0,
2004,2026-04-16,16:46:06,btc,lead_lag,down,20260416T164240Z-389e59f3deb1,4.0.4,unknown,389e59f3deb1,both,1,10.0,50000.0,btc-updown-5m-1776357900,lead_lag,0,0.62,0.6799999999999999,0.61,0.62,0.010000000000000009,16.0,16.0,16.0,0,9.92,0.032630400000000004,0.0,2026-04-16T16:45:00+00:00,0.062,,,-0.09,760.8306,1101.4957,0.6907249842191849,counter,68.68,35.0,5.0,15.0,7.5,1.51,4.66,0.05999999999999994,1101.4957,760.8306,233.350108,profit_target,0.68,0.68,0.69,0.009999999999999898,0.43791360000000096,,0,0.0,2026-04-16T16:46:11.490043,228.68967,0.68,0.63,4.81726,1,1,Lead-lag DOWN @0.620 vel=-0.089%,0.06000000000000005,0.0,0.43791360000000096,1,1,
2003,2026-04-16,16:41:26,doge,lead_lag,down,20260416T155115Z-389e59f3deb1,4.0.3,unknown,389e59f3deb1,both,1,10.0,50000.0,doge-updown-5m-1776357600,lead_lag,0,0.66,0.68,0.64,0.66,0.020000000000000018,15.0,15.0,15.0,0,9.9,0.03182399999999999,-0.18457752255947457,2026-04-16T16:40:00+00:00,0.066,,,-0.1,10.05,24.025,0.41831425598335076,counter,55.89,35.0,0.0,12.56,5.0,3.33,0.0,0.020000000000000018,24.025,10.05,213.418835,profit_target,0.72,0.72,0.73,0.010000000000000009,0.43991999999999915,,0,0.0,2026-04-16T16:41:27.862565,212.380365,0.72,0.72,1.27245,1,1,Lead-lag DOWN @0.660 vel=-0.103%,0.05999999999999994,0.0,0.43991999999999915,1,1,
2002,2026-04-16,16:40:58,doge,lead_lag,down,20260416T155115Z-389e59f3deb1,4.0.3,unknown,389e59f3deb1,both,1,10.0,50000.0,doge-updown-5m-1776357600,lead_lag,0,0.5,0.56,0.48,0.5,0.020000000000000018,20.0,20.0,20.0,0,10.0,0.035740799999999996,-0.041029849215302464,2026-04-16T16:40:00+00:00,0.05,,,-0.14,7.65,11.8984,0.6429435890539904,counter,74.01,35.0,20.0,9.56,5.0,0.82,3.63,0.06000000000000005,11.8984,7.65,241.032841,profit_target,0.56,0.56,0.57,0.009999999999999898,0.48518400000000106,,0,0.0,2026-04-16T16:41:01.365509,238.813309,0.56,0.5,2.38995,1,1,Lead-lag DOWN @0.500 vel=-0.143%,0.06000000000000005,0.0,0.48518400000000106,1,0,
2001,2026-04-16,16:40:57,doge,lead_lag,down,20260416T155115Z-389e59f3deb1,4.0.3,unknown,389e59f3deb1,both,1,10.0,50000.0,doge-updown-5m-1776357600,lead_lag,0,0.52,0.5800000000000001,0.51,0.52,0.010000000000000009,19.0,19.0,19.0,0,9.88,0.0355104,-0.030775543701274364,2026-04-16T16:40:00+00:00,0.052,,,-0.09,6.0600000000000005,12.1,0.5008264462809918,counter,68.32,35.0,17.5,7.58,7.5,0.72,0.02,0.06000000000000005,12.1,6.0600000000000005,242.05829,profit_target,0.6,0.6,0.61,0.010000000000000009,0.8502271999999993,,0,0.0,2026-04-16T16:41:09.842789,230.332723,0.6,0.5,11.891599,1,1,Lead-lag DOWN @0.520 vel=-0.092%,0.07999999999999996,0.020000000000000018,0.8502271999999993,1,0,
2000,2026-04-16,16:40:56,doge,lead_lag,down,20260416T155115Z-389e59f3deb1,4.0.3,unknown,389e59f3deb1,both,1,10.0,50000.0,doge-updown-5m-1776357600,lead_lag,0,0.56,0.6200000000000001,0.54,0.56,0.020000000000000018,17.0,17.0,17.0,0,9.520000000000001,0.034704,-0.010261672652638403,2026-04-16T16:40:00+00:00,0.056,,,-0.08,8.55,7.050000000000001,1.2127659574468086,counter,71.03,35.0,12.5,10.69,5.0,0.63,7.22,0.06000000000000005,7.050000000000001,8.55,243.081379,loss_cut,0.48,0.48,0.5,0.020000000000000018,-1.967104000000001,,0,0.0,2026-04-16T16:40:58.144845,242.038595,0.48,0.48,1.217775,1,,Lead-lag DOWN @0.560 vel=-0.082%,0.0,0.08000000000000007,-1.967104000000001,1,0,
1999,2026-04-16,16:40:55,sol,lead_lag,up,20260416T155115Z-389e59f3deb1,4.0.3,unknown,389e59f3deb1,both,1,10.0,50000.0,sol-updown-5m-1776357600,single_leg+lead_lag,1,0.51,0.5700000000000001,0.5,0.51,0.010000000000000009,19.0,19.0,19.0,0,9.69,0.03563999999999999,0.05779678649866739,2026-04-16T16:40:00+00:00,0.051,,,0.08,7.8,7.65,1.0196078431372548,aligned,81.26,35.0,18.75,9.75,7.5,0.54,9.72,0.06000000000000005,7.8,7.65,244.111958,loss_cut,0.44,0.44,0.46,0.020000000000000018,-2.0089384000000003,,0,0.0,2026-04-16T16:40:57.163005,243.070955,0.44,0.44,1.255268,1,,Lead-lag UP @0.510 vel=0.081%,0.0,0.07,-2.0089384000000003,1,0,
1998,2026-04-16,16:40:55,sol,single_leg,up,20260416T155115Z-389e59f3deb1,4.0.3,unknown,389e59f3deb1,both,1,10.0,50000.0,sol-updown-5m-1776357600,single_leg+lead_lag,1,0.51,0.64,0.5,0.51,0.010000000000000009,19.0,19.0,19.0,0,9.69,0.03458159999999999,0.05779678649866739,2026-04-16T16:40:00+00:00,0.0918,,,0.08,7.8,7.65,1.0196078431372548,aligned,81.2,35.0,18.67,9.75,7.5,0.56,9.72,0.13,7.8,7.65,244.113667,loss_cut,0.36,0.36,0.38,0.020000000000000018,-3.5070504000000002,,0,0.0,2026-04-16T16:41:01.896715,238.28333,0.46,0.36,2.443217,1,,Single-leg UP @0.510,0.0,0.15000000000000002,-1.6316744,1,0,
1997,2026-04-16,16:36:27,doge,lead_lag,up,20260416T155115Z-389e59f3deb1,4.0.3,unknown,389e59f3deb1,both,1,10.0,50000.0,doge-updown-5m-1776357300,single_leg+lead_lag,1,0.5,0.56,0.49,0.5,0.010000000000000009,20.0,20.0,20.0,0,10.0,0.035740799999999996,0.16471072678607523,2026-04-16T16:35:00+00:00,0.05,,,0.26,7.65,15.55,0.4919614147909968,aligned,75.51,35.0,20.0,9.56,7.5,3.45,0.0,0.06000000000000005,7.65,15.55,212.074353,profit_target,0.57,0.57,0.58,0.010000000000000009,0.687055999999999,,0,0.0,2026-04-16T16:36:39.800554,200.376324,0.57,0.46,11.861948,1,1,Lead-lag UP @0.500 vel=0.258%,0.06999999999999995,0.03999999999999998,0.687055999999999,1,0,
1996,2026-04-16,16:36:27,doge,single_leg,up,20260416T155115Z-389e59f3deb1,4.0.3,unknown,389e59f3deb1,both,1,10.0,50000.0,doge-updown-5m-1776357300,single_leg+lead_lag,1,0.5,0.64,0.49,0.5,0.010000000000000009,20.0,20.0,20.0,0,10.0,0.034588799999999996,0.16471072678607523,2026-04-16T16:35:00+00:00,0.09,,,0.26,7.65,15.55,0.4919614147909968,aligned,75.67,35.0,20.0,9.56,7.5,3.61,0.0,0.14,7.65,15.55,212.075943,loss_cut,0.36,0.36,0.37,0.010000000000000009,-3.4917759999999998,,0,0.0,2026-04-16T16:37:10.564837,169.624775,0.6,0.36,13.072438,1,1,Single-leg UP @0.500,0.09999999999999998,0.14,1.2943999999999996,1,0,
1995,2026-04-16,16:36:27,eth,lead_lag,up,20260416T155115Z-389e59f3deb1,4.0.3,unknown,389e59f3deb1,both,1,10.0,50000.0,eth-updown-5m-1776357300,lead_lag,0,0.62,0.6799999999999999,0.61,0.62,0.010000000000000009,16.0,16.0,16.0,0,9.92,0.032630400000000004,0.2099454659108008,2026-04-16T16:35:00+00:00,0.062,,,0.18,373.6391,46.693299999999994,8.001985295534906,aligned,65.95,35.0,5.0,15.0,7.5,3.45,0.0,0.05999999999999994,373.6391,46.693299999999994,212.087766,loss_cut,0.55,0.55,0.56,0.010000000000000009,-1.6765311999999992,,0,0.0,2026-04-16T16:36:45.726385,194.462903,0.67,0.55,14.212445,1,1,Lead-lag UP @0.620 vel=0.179%,0.050000000000000044,0.06999999999999995,0.2738816000000008,1,1,
1994,2026-04-16,16:36:26,doge,lead_lag,up,20260416T155115Z-389e59f3deb1,4.0.3,unknown,389e59f3deb1,both,1,10.0,50000.0,doge-updown-5m-1776357300,single_leg+lead_lag,1,0.5,0.56,0.49,0.5,0.010000000000000009,20.0,20.0,20.0,0,10.0,0.035740799999999996,0.17504118616145337,2026-04-16T16:35:00+00:00,0.05,,,0.26,7.65,13.0,0.5884615384615385,aligned,77.77,35.0,20.0,9.56,7.5,3.35,2.35,0.06000000000000005,7.65,13.0,213.100153,profit_target,0.57,0.57,0.58,0.010000000000000009,0.687055999999999,,0,0.0,2026-04-16T16:36:39.999159,200.180346,0.57,0.46,13.086006,1,1,Lead-lag UP @0.500 vel=0.258%,0.06999999999999995,0.03999999999999998,0.687055999999999,1,0,
1993,2026-04-16,16:36:26,doge,single_leg,up,20260416T155115Z-389e59f3deb1,4.0.3,unknown,389e59f3deb1,both,1,10.0,50000.0,doge-updown-5m-1776357300,single_leg+lead_lag,1,0.5,0.64,0.49,0.5,0.010000000000000009,20.0,20.0,20.0,0,10.0,0.034588799999999996,0.17504118616145337,2026-04-16T16:35:00+00:00,0.09,,,0.26,7.65,13.0,0.5884615384615385,aligned,77.93,35.0,20.0,9.56,7.5,3.51,2.35,0.14,7.65,13.0,213.101886,loss_cut,0.35,0.35,0.37,0.020000000000000018,-3.6876,,0,0.0,2026-04-16T16:37:10.749520,169.431698,0.6,0.35,15.461662,1,1,Single-leg UP @0.500,0.09999999999999998,0.15000000000000002,1.2943999999999996,1,0,
1992,2026-04-16,16:36:26,eth,lead_lag,up,20260416T155115Z-389e59f3deb1,4.0.3,unknown,389e59f3deb1,both,1,10.0,50000.0,eth-updown-5m-1776357300,lead_lag,0,0.62,0.6799999999999999,0.61,0.62,0.010000000000000009,16.0,16.0,16.0,0,9.92,0.032630400000000004,0.23414356493278984,2026-04-16T16:35:00+00:00,0.062,,,0.19,374.64349999999996,27.065,13.842360982819137,aligned,65.85,35.0,5.0,15.0,7.5,3.35,0.0,0.05999999999999994,374.64349999999996,27.065,213.114448,loss_cut,0.55,0.55,0.56,0.010000000000000009,-1.6765311999999992,,0,0.0,2026-04-16T16:36:45.907901,194.271874,0.67,0.55,15.442485,1,1,Lead-lag UP @0.620 vel=0.187%,0.050000000000000044,0.06999999999999995,0.2738816000000008,1,1,
1991,2026-04-16,16:36:25,doge,lead_lag,up,20260416T155115Z-389e59f3deb1,4.0.3,unknown,389e59f3deb1,both,1,10.0,50000.0,doge-updown-5m-1776357300,single_leg+lead_lag,1,0.5,0.56,0.49,0.5,0.010000000000000009,20.0,20.0,20.0,0,10.0,0.035740799999999996,0.17504118616145337,2026-04-16T16:35:00+00:00,0.05,,,0.28,7.65,15.25,0.5016393442622951,aligned,75.37,35.0,20.0,9.56,7.5,3.26,0.05,0.06000000000000005,7.65,15.25,214.12643,profit_target,0.57,0.57,0.58,0.010000000000000009,0.687055999999999,,0,0.0,2026-04-16T16:36:40.176884,199.999077,0.57,0.45,14.287776,1,1,Lead-lag UP @0.500 vel=0.278%,0.06999999999999995,0.04999999999999999,0.687055999999999,1,0,
1990,2026-04-16,16:36:25,doge,single_leg,up,20260416T155115Z-389e59f3deb1,4.0.3,unknown,389e59f3deb1,both,1,10.0,50000.0,doge-updown-5m-1776357300,single_leg+lead_lag,1,0.5,0.64,0.49,0.5,0.010000000000000009,20.0,20.0,20.0,0,10.0,0.034588799999999996,0.17504118616145337,2026-04-16T16:35:00+00:00,0.09,,,0.28,7.65,15.25,0.5016393442622951,aligned,75.53,35.0,20.0,9.56,7.5,3.42,0.05,0.14,7.65,15.25,214.128221,loss_cut,0.36,0.36,0.37,0.010000000000000009,-3.4917759999999998,,0,0.0,2026-04-16T16:37:10.993357,169.186202,0.6,0.36,15.527464,1,1,Single-leg UP @0.500,0.09999999999999998,0.14,1.2943999999999996,1,0,
1989,2026-04-16,16:36:25,eth,lead_lag,up,20260416T155115Z-389e59f3deb1,4.0.3,unknown,389e59f3deb1,both,1,10.0,50000.0,eth-updown-5m-1776357300,lead_lag,0,0.63,0.68,0.62,0.63,0.010000000000000009,15.0,15.0,15.0,0,9.45,0.03245039999999999,0.21858536038561407,2026-04-16T16:35:00+00:00,0.063,,,0.2,361.7585,30.395,11.90190820858694,aligned,64.51,35.0,3.75,15.0,7.5,3.26,0.0,0.050000000000000044,361.7585,30.395,214.140048,loss_cut,0.55,0.55,0.56,0.010000000000000009,-1.7190479999999995,,0,0.0,2026-04-16T16:36:45.998273,194.184859,0.67,0.55,16.562542,1,1,Lead-lag UP @0.630 vel=0.203%,0.040000000000000036,0.07999999999999996,0.10946400000000059,1,1,
1988,2026-04-16,16:36:24,doge,lead_lag,up,20260416T155115Z-389e59f3deb1,4.0.3,unknown,389e59f3deb1,both,1,10.0,50000.0,doge-updown-5m-1776357300,single_leg+lead_lag,1,0.51,0.5700000000000001,0.5,0.51,0.010000000000000009,19.0,19.0,19.0,0,9.69,0.03563999999999999,0.19565441252187799,2026-04-16T16:35:00+00:00,0.051,,,0.3,7.8,13.0,0.6,aligned,76.8,35.0,18.75,9.75,7.5,3.17,2.63,0.06000000000000005,7.8,13.0,215.154269,loss_cut,0.45,0.45,0.47,0.019999999999999962,-1.8204432000000002,,0,0.0,2026-04-16T16:36:29.722588,210.458441,0.49,0.45,1.269184,1,,Lead-lag UP @0.510 vel=0.299%,0.0,0.06,-1.0637264000000002,1,0,
1987,2026-04-16,16:36:24,doge,single_leg,up,20260416T155115Z-389e59f3deb1,4.0.3,unknown,389e59f3deb1,both,1,10.0,50000.0,doge-updown-5m-1776357300,single_leg+lead_lag,1,0.51,0.64,0.5,0.51,0.010000000000000009,19.0,19.0,19.0,0,9.69,0.03458159999999999,0.19565441252187799,2026-04-16T16:35:00+00:00,0.0918,,,0.3,7.8,13.0,0.6,aligned,76.87,35.0,18.67,9.75,7.5,3.32,2.63,0.13,7.8,13.0,215.156384,loss_cut,0.38,0.38,0.39,0.010000000000000009,-3.1341639999999997,,0,0.0,2026-04-16T16:37:09.806730,170.367398,0.6,0.38,16.607592,1,1,Single-leg UP @0.510,0.08999999999999997,0.13,1.0398167999999992,1,0,
1986,2026-04-16,16:36:19,btc,lead_lag,up,20260416T155115Z-389e59f3deb1,4.0.3,unknown,389e59f3deb1,both,1,10.0,50000.0,btc-updown-5m-1776357300,lead_lag,0,0.65,0.68,0.64,0.65,0.010000000000000009,15.0,15.0,15.0,0,9.75,0.0320472,0.0,2026-04-16T16:35:00+00:00,0.065,,,0.12,317.2332,436.45989999999995,0.7268324077423838,aligned,66.85,35.0,1.25,15.0,7.5,2.7,5.4,0.030000000000000027,317.2332,436.45989999999995,220.292224,profit_target,0.69,0.69,0.71,0.020000000000000018,0.12328799999999887,,0,0.0,2026-04-16T16:36:23.408682,216.766823,0.69,0.67,3.677775,1,1,Lead-lag UP @0.650 vel=0.118%,0.039999999999999925,0.0,0.12328799999999887,1,1,
1985,2026-04-16,16:36:08,btc,lead_lag,up,20260416T155115Z-389e59f3deb1,4.0.3,unknown,389e59f3deb1,both,1,10.0,50000.0,btc-updown-5m-1776357300,lead_lag,0,0.61,0.6699999999999999,0.6,0.61,0.010000000000000009,16.0,16.0,16.0,0,9.76,0.033048,0.0,2026-04-16T16:35:00+00:00,0.061,,,0.23,491.4797,449.29369999999994,1.093894038576548,aligned,74.13,35.0,6.25,15.0,7.5,1.68,8.71,0.05999999999999994,491.4797,449.29369999999994,231.540946,profit_target,0.68,0.68,0.69,0.009999999999999898,0.5952640000000011,,0,0.0,2026-04-16T16:36:09.752779,230.490566,0.68,0.68,1.271796,1,1,Lead-lag UP @0.610 vel=0.229%,0.07000000000000006,0.0,0.5952640000000011,1,1,
1984,2026-04-16,16:36:07,btc,lead_lag,up,20260416T155115Z-389e59f3deb1,4.0.3,unknown,389e59f3deb1,both,1,10.0,50000.0,btc-updown-5m-1776357300,lead_lag,0,0.61,0.6699999999999999,0.6,0.61,0.010000000000000009,16.0,16.0,16.0,0,9.76,0.033048,0.0,2026-04-16T16:35:00+00:00,0.061,,,0.2,484.82579999999996,477.9086,1.0144738973100713,aligned,75.13,35.0,6.25,15.0,7.5,1.58,9.79,0.05999999999999994,484.82579999999996,477.9086,232.568714,profit_target,0.68,0.68,0.69,0.009999999999999898,0.5952640000000011,,0,0.0,2026-04-16T16:36:09.844800,230.332644,0.68,0.6,2.384622,1,1,Lead-lag UP @0.610 vel=0.201%,0.07000000000000006,0.010000000000000009,0.5952640000000011,1,1,
1983,2026-04-16,16:36:05,btc,lead_lag,up,20260416T155115Z-389e59f3deb1,4.0.3,unknown,389e59f3deb1,both,1,10.0,50000.0,btc-updown-5m-1776357300,lead_lag,0,0.58,0.6399999999999999,0.57,0.58,0.010000000000000009,17.0,17.0,17.0,0,9.86,0.034128,0.0,2026-04-16T16:35:00+00:00,0.058,,,0.12,216.79889999999997,348.20120000000003,0.6226253671727724,aligned,72.06,35.0,10.0,15.0,7.5,1.4,3.16,0.05999999999999994,216.79889999999997,348.20120000000003,234.613851,profit_target,0.68,0.68,0.71,0.029999999999999916,1.1354912000000015,,0,0.0,2026-04-16T16:36:08.976073,231.200134,0.68,0.6,3.568466,1,1,Lead-lag UP @0.580 vel=0.121%,0.10000000000000009,0.0,1.1354912000000015,1,1,
1982,2026-04-16,16:36:03,btc,lead_lag,up,20260416T155115Z-389e59f3deb1,4.0.3,unknown,389e59f3deb1,both,1,10.0,50000.0,btc-updown-5m-1776357300,lead_lag,0,0.52,0.5800000000000001,0.51,0.52,0.010000000000000009,19.0,19.0,19.0,0,9.88,0.0355104,0.0,2026-04-16T16:35:00+00:00,0.052,,,0.1,101.9317,141.5466,0.7201282121930163,aligned,81.48,35.0,17.5,15.0,7.5,1.21,5.26,0.06000000000000005,101.9317,141.5466,236.65985,profit_target,0.6,0.6,0.61,0.010000000000000009,0.8502271999999993,,0,0.0,2026-04-16T16:36:06.914642,233.263279,0.6,0.56,3.54902,1,1,Lead-lag UP @0.520 vel=0.101%,0.07999999999999996,0.0,0.8502271999999993,1,0,
1981,2026-04-16,16:36:02,btc,lead_lag,up,20260416T155115Z-389e59f3deb1,4.0.3,unknown,389e59f3deb1,both,1,10.0,50000.0,btc-updown-5m-1776357300,single_leg+lead_lag,1,0.54,0.6000000000000001,0.51,0.54,0.030000000000000027,18.0,18.0,18.0,0,9.72,0.035164799999999996,0.0,2026-04-16T16:35:00+00:00,0.054,,,0.1,864.6716,287.28740000000005,3.0097790574873797,aligned,68.62,35.0,15.0,15.0,2.5,1.12,0.0,0.06000000000000005,864.6716,287.28740000000005,237.686854,profit_target,0.7,0.7,0.71,0.010000000000000009,2.2859135999999984,,0,0.0,2026-04-16T16:36:09.522597,230.659551,0.7,0.51,7.18496,1,1,Lead-lag UP @0.540 vel=0.097%,0.15999999999999992,0.030000000000000027,2.2859135999999984,1,1,
1980,2026-04-16,16:36:02,btc,single_leg,up,20260416T155115Z-389e59f3deb1,4.0.3,unknown,389e59f3deb1,both,1,10.0,50000.0,btc-updown-5m-1776357300,single_leg+lead_lag,1,0.54,0.64,0.51,0.54,0.030000000000000027,18.0,18.0,18.0,0,9.72,0.03447359999999999,0.0,2026-04-16T16:35:00+00:00,0.0972,,,0.1,864.6716,287.28740000000005,3.0097790574873797,aligned,68.34,35.0,14.67,15.0,2.5,1.17,0.0,0.09999999999999998,864.6716,287.28740000000005,237.688689,profit_target,0.68,0.68,0.71,0.029999999999999916,1.9160640000000002,,0,0.0,2026-04-16T16:36:09.538088,230.652492,0.68,0.52,7.200637,1,1,Single-leg UP @0.540,0.14,0.020000000000000018,1.9160640000000002,1,1,
1979,2026-04-16,16:35:27,doge,lead_lag,down,20260416T155115Z-389e59f3deb1,4.0.3,unknown,389e59f3deb1,both,1,10.0,50000.0,doge-updown-5m-1776357300,lead_lag,0,0.64,0.68,0.63,0.64,0.010000000000000009,15.0,15.0,15.0,0,9.6,0.03225599999999999,-0.24650780608053008,2026-04-16T16:35:00+00:00,0.064,,,-0.1,6.747,5.85,1.1533333333333333,counter,61.38,35.0,2.5,8.43,7.5,0.0,7.94,0.040000000000000036,5.85,6.747,272.445433,profit_target,0.68,0.68,0.69,0.009999999999999898,0.11616000000000064,,0,0.0,2026-04-16T16:35:38.176693,261.999657,0.68,0.59,10.6134,1,1,Lead-lag DOWN @0.640 vel=-0.103%,0.040000000000000036,0.050000000000000044,0.11616000000000064,1,1,
1978,2026-04-16,16:35:26,doge,lead_lag,down,20260416T155115Z-389e59f3deb1,4.0.3,unknown,389e59f3deb1,both,1,10.0,50000.0,doge-updown-5m-1776357300,lead_lag,0,0.65,0.68,0.64,0.65,0.010000000000000009,15.0,15.0,15.0,0,9.75,0.0320472,-0.18499486125385364,2026-04-16T16:35:00+00:00,0.065,,,-0.09,6.897,5.55,1.2427027027027029,counter,59.24,35.0,1.25,8.62,7.5,0.0,6.87,0.030000000000000027,5.55,6.897,273.46936,profit_target,0.73,0.73,0.74,0.010000000000000009,0.7414319999999993,,0,0.0,2026-04-16T16:35:45.483737,254.692236,0.73,0.59,18.945286,1,1,Lead-lag DOWN @0.650 vel=-0.093%,0.07999999999999996,0.06000000000000005,0.7414319999999993,1,1,
1977,2026-04-16,16:35:25,doge,lead_lag,down,20260416T155115Z-389e59f3deb1,4.0.3,unknown,389e59f3deb1,both,1,10.0,50000.0,doge-updown-5m-1776357300,lead_lag,0,0.66,0.68,0.64,0.66,0.020000000000000018,15.0,15.0,15.0,0,9.9,0.03182399999999999,-0.12341869793273177,2026-04-16T16:35:00+00:00,0.066,,,-0.11,10.05,5.4,1.8611111111111112,counter,53.6,35.0,0.0,12.56,5.0,0.0,1.04,0.020000000000000018,5.4,10.05,274.492204,profit_target,0.73,0.73,0.74,0.010000000000000009,0.5947799999999993,,0,0.0,2026-04-16T16:35:45.728368,254.444718,0.73,0.6,20.21259,1,1,Lead-lag DOWN @0.660 vel=-0.113%,0.06999999999999995,0.06000000000000005,0.5947799999999993,1,1,
1976,2026-04-16,16:33:08,btc,lead_lag,down,20260416T155115Z-389e59f3deb1,4.0.3,unknown,389e59f3deb1,both,1,10.0,50000.0,btc-updown-5m-1776357000,lead_lag,0,0.53,0.5900000000000001,0.52,0.53,0.010000000000000009,18.0,18.0,18.0,0,9.540000000000001,0.035351999999999995,0.0,2026-04-16T16:30:00+00:00,0.053,,,-0.12,175.6859,627.9971999999999,0.27975586515353895,counter,81.2,35.0,16.25,15.0,7.5,7.45,0.0,0.06000000000000005,627.9971999999999,175.6859,111.898435,profit_target,0.61,0.61,0.63,0.020000000000000018,0.8088479999999993,,0,0.0,2026-04-16T16:33:10.804745,109.46516,0.61,0.61,1.850395,1,1,Lead-lag DOWN @0.530 vel=-0.121%,0.07999999999999996,0.0,0.8088479999999993,1,0,
1975,2026-04-16,16:31:55,doge,lead_lag,down,20260416T155115Z-389e59f3deb1,4.0.3,unknown,389e59f3deb1,both,1,10.0,50000.0,doge-updown-5m-1776357000,lead_lag,0,0.62,0.6799999999999999,0.61,0.62,0.010000000000000009,16.0,16.0,16.0,0,9.92,0.032630400000000004,-0.24427480916030953,2026-04-16T16:30:00+00:00,0.062,,,-0.12,16.802,6.0,2.800333333333333,counter,68.5,35.0,5.0,15.0,7.5,6.0,0.0,0.05999999999999994,6.0,16.802,184.02186,profit_target,0.72,0.72,0.73,0.010000000000000009,1.0963455999999996,,0,0.0,2026-04-16T16:32:01.926744,178.25132,0.72,0.61,5.93978,1,1,Lead-lag DOWN @0.620 vel=-0.122%,0.09999999999999998,0.010000000000000009,1.0963455999999996,1,1,
1974,2026-04-16,16:31:54,doge,lead_lag,down,20260416T155115Z-389e59f3deb1,4.0.3,unknown,389e59f3deb1,both,1,10.0,50000.0,doge-updown-5m-1776357000,lead_lag,0,0.62,0.6799999999999999,0.61,0.62,0.010000000000000009,16.0,16.0,16.0,0,9.92,0.032630400000000004,-0.24427480916030953,2026-04-16T16:30:00+00:00,0.062,,,-0.13,17.238,6.0,2.8729999999999998,counter,68.41,35.0,5.0,15.0,7.5,5.91,0.0,0.05999999999999994,6.0,17.238,185.043274,profit_target,0.72,0.72,0.73,0.010000000000000009,1.0963455999999996,,0,0.0,2026-04-16T16:32:02.142718,178.03599,0.72,0.61,7.177289,1,1,Lead-lag DOWN @0.620 vel=-0.132%,0.09999999999999998,0.010000000000000009,1.0963455999999996,1,1,
1973,2026-04-16,16:31:53,doge,lead_lag,down,20260416T155115Z-389e59f3deb1,4.0.3,unknown,389e59f3deb1,both,1,10.0,50000.0,doge-updown-5m-1776357000,lead_lag,0,0.62,0.6799999999999999,0.61,0.62,0.010000000000000009,16.0,16.0,16.0,0,9.92,0.032630400000000004,-0.24427480916030953,2026-04-16T16:30:00+00:00,0.062,,,-0.13,31.101499999999998,6.0,5.183583333333333,counter,68.31,35.0,5.0,15.0,7.5,5.81,0.0,0.05999999999999994,6.0,31.101499999999998,186.066238,profit_target,0.72,0.72,0.73,0.010000000000000009,1.0963455999999996,,0,0.0,2026-04-16T16:32:02.323851,177.8541,0.72,0.61,8.378265,1,1,Lead-lag DOWN @0.620 vel=-0.132%,0.09999999999999998,0.010000000000000009,1.0963455999999996,1,1,
1972,2026-04-16,16:31:38,btc,lead_lag,down,20260416T155115Z-389e59f3deb1,4.0.3,unknown,389e59f3deb1,both,1,10.0,50000.0,btc-updown-5m-1776357000,lead_lag,0,0.56,0.6200000000000001,0.55,0.56,0.010000000000000009,17.0,17.0,17.0,0,9.520000000000001,0.034704,0.0,2026-04-16T16:30:00+00:00,0.056,,,-0.09,1258.1185999999998,341.9283,3.6794807566381604,counter,74.41,35.0,12.5,15.0,7.5,4.41,0.0,0.06000000000000005,341.9283,1258.1185999999998,201.449294,loss_cut,0.49,0.49,0.5,0.010000000000000009,-1.797471200000001,,0,0.0,2026-04-16T16:31:48.050144,192.141905,0.54,0.49,1.20312,1,,Lead-lag DOWN @0.560 vel=-0.087%,0.0,0.07000000000000006,-0.9456352000000003,1,0,
1971,2026-04-16,16:31:32,btc,lead_lag,down,20260416T155115Z-389e59f3deb1,4.0.3,unknown,389e59f3deb1,both,1,10.0,50000.0,btc-updown-5m-1776357000,lead_lag,0,0.62,0.6799999999999999,0.61,0.62,0.010000000000000009,16.0,16.0,16.0,0,9.92,0.032630400000000004,0.0,2026-04-16T16:30:00+00:00,0.062,,,-0.08,1197.5698,588.8652,2.0336909024340377,counter,66.36,35.0,5.0,15.0,7.5,3.86,0.0,0.05999999999999994,588.8652,1197.5698,207.592137,loss_cut,0.53,0.53,0.57,0.039999999999999925,-1.9983743999999994,,0,0.0,2026-04-16T16:31:34.808239,205.365882,0.59,0.53,1.203706,1,,Lead-lag DOWN @0.620 vel=-0.081%,0.0,0.08999999999999997,-1.0300800000000003,1,0,
1970,2026-04-16,16:31:31,btc,lead_lag,down,20260416T155115Z-389e59f3deb1,4.0.3,unknown,389e59f3deb1,both,1,10.0,50000.0,btc-updown-5m-1776357000,lead_lag,0,0.63,0.68,0.62,0.63,0.010000000000000009,15.0,15.0,15.0,0,9.45,0.03245039999999999,0.0,2026-04-16T16:30:00+00:00,0.063,,,-0.09,1980.1987000000001,206.0793,9.60891608230424,counter,65.01,35.0,3.75,15.0,7.5,3.76,0.0,0.050000000000000044,206.0793,1980.1987000000001,208.615197,loss_cut,0.49,0.49,0.53,0.040000000000000036,-2.62164,,0,0.0,2026-04-16T16:31:35.032414,205.14422,0.61,0.49,1.264586,1,,Lead-lag DOWN @0.630 vel=-0.086%,0.0,0.14,-0.8086800000000003,1,0,
1969,2026-04-16,16:30:57,btc,lead_lag,down,20260416T155115Z-389e59f3deb1,4.0.3,unknown,389e59f3deb1,both,1,10.0,50000.0,btc-updown-5m-1776357000,single_leg+lead_lag,1,0.5,0.56,0.49,0.5,0.010000000000000009,20.0,20.0,20.0,0,10.0,0.035740799999999996,0.0,2026-04-16T16:30:00+00:00,0.05,,,-0.08,920.4669,705.5168,1.3046704203216706,counter,84.36,35.0,20.0,15.0,7.5,0.69,6.16,0.06000000000000005,705.5168,920.4669,242.376439,loss_cut,0.44,0.44,0.45,0.010000000000000009,-1.914816,,0,0.0,2026-04-16T16:31:03.624063,236.552364,0.52,0.44,1.251482,1,,Lead-lag DOWN @0.500 vel=-0.084%,0.020000000000000018,0.06,-0.3194239999999996,1,0,
1968,2026-04-16,16:30:57,btc,single_leg,up,20260416T155115Z-389e59f3deb1,4.0.3,unknown,389e59f3deb1,both,1,10.0,50000.0,btc-updown-5m-1776357000,single_leg+lead_lag,1,0.51,0.64,0.5,0.51,0.010000000000000009,19.0,19.0,19.0,0,9.69,0.03458159999999999,0.0,2026-04-16T16:30:00+00:00,0.0918,,,-0.08,705.5168,920.4669,0.7664770998283589,aligned,83.06,35.0,18.67,15.0,7.5,0.73,6.16,0.13,705.5168,920.4669,242.378327,profit_target,0.64,0.64,0.65,0.010000000000000009,1.8129496,,0,0.0,2026-04-16T16:31:08.377411,231.802239,0.64,0.47,10.727632,1,1,Single-leg UP @0.510,0.13,0.040000000000000036,1.8129496,1,1,
1967,2026-04-16,16:29:23,btc,lead_lag,down,20260416T155115Z-389e59f3deb1,4.0.3,unknown,389e59f3deb1,both,1,10.0,50000.0,btc-updown-5m-1776356700,lead_lag,0,0.53,0.5900000000000001,0.49,0.53,0.040000000000000036,18.0,18.0,18.0,0,9.540000000000001,0.035351999999999995,0.0,2026-04-16T16:25:00+00:00,0.053,,,-0.11,27.713900000000002,692.4929000000001,0.04002048252047061,counter,66.84,35.0,16.25,15.0,0.0,0.59,0.0,0.06000000000000005,692.4929000000001,27.713900000000002,36.475664,profit_target,0.64,0.64,0.69,0.04999999999999993,1.3585679999999998,,0,0.0,2026-04-16T16:29:24.830544,35.428992,0.64,0.64,1.280642,1,1,Lead-lag DOWN @0.530 vel=-0.107%,0.10999999999999999,0.0,1.3585679999999998,1,1,
1966,2026-04-16,16:26:41,btc,lead_lag,down,20260416T155115Z-389e59f3deb1,4.0.3,unknown,389e59f3deb1,both,1,10.0,50000.0,btc-updown-5m-1776356700,lead_lag,0,0.53,0.5900000000000001,0.52,0.53,0.010000000000000009,18.0,18.0,18.0,0,9.540000000000001,0.035351999999999995,0.0,2026-04-16T16:25:00+00:00,0.053,,,-0.08,651.9332,555.3353999999999,1.1739449709130736,counter,86.16,35.0,16.25,15.0,7.5,4.72,7.69,0.06000000000000005,555.3353999999999,651.9332,198.033015,loss_cut,0.46,0.46,0.47,0.009999999999999953,-1.90476,,0,0.0,2026-04-16T16:26:56.209999,183.97069,0.52,0.46,1.213551,1,,Lead-lag DOWN @0.530 vel=-0.081%,0.0,0.07,-0.8263152000000001,1,0,
1965,2026-04-16,16:26:40,btc,lead_lag,down,20260416T155115Z-389e59f3deb1,4.0.3,unknown,389e59f3deb1,both,1,10.0,50000.0,btc-updown-5m-1776356700,lead_lag,0,0.54,0.6000000000000001,0.53,0.54,0.010000000000000009,18.0,18.0,18.0,0,9.72,0.035164799999999996,0.0,2026-04-16T16:25:00+00:00,0.054,,,-0.08,763.7669000000001,63.41279999999999,12.044364860091342,counter,77.13,35.0,15.0,15.0,7.5,4.63,0.0,0.06000000000000005,63.41279999999999,763.7669000000001,199.060557,loss_cut,0.48,0.48,0.49,0.010000000000000009,-1.725408000000001,,0,0.0,2026-04-16T16:26:55.214855,184.960983,0.52,0.48,1.221109,1,,Lead-lag DOWN @0.540 vel=-0.084%,0.0,0.06000000000000005,-1.0054080000000003,1,0,
1964,2026-04-16,16:26:38,btc,lead_lag,down,20260416T155115Z-389e59f3deb1,4.0.3,unknown,389e59f3deb1,both,1,10.0,50000.0,btc-updown-5m-1776356700,lead_lag,0,0.53,0.5900000000000001,0.52,0.53,0.010000000000000009,18.0,18.0,18.0,0,9.540000000000001,0.035351999999999995,0.0,2026-04-16T16:25:00+00:00,0.053,,,-0.11,416.6271,1359.1428,0.30653666413860264,counter,78.19,35.0,16.25,15.0,7.5,4.44,0.0,0.06000000000000005,1359.1428,416.6271,201.108778,loss_cut,0.46,0.46,0.47,0.009999999999999953,-1.90476,,0,0.0,2026-04-16T16:26:56.624634,183.552694,0.53,0.46,1.199793,1,,Lead-lag DOWN @0.530 vel=-0.109%,0.0,0.07,-0.6456671999999999,1,0,
1963,2026-04-16,16:26:36,btc,lead_lag,down,20260416T155115Z-389e59f3deb1,4.0.3,unknown,389e59f3deb1,both,1,10.0,50000.0,btc-updown-5m-1776356700,single_leg+lead_lag,1,0.5,0.56,0.49,0.5,0.010000000000000009,20.0,20.0,20.0,0,10.0,0.035740799999999996,0.0,2026-04-16T16:25:00+00:00,0.05,,,-0.09,298.642,1132.2671,0.26375578695168306,counter,81.76,35.0,20.0,15.0,7.5,4.26,0.0,0.06000000000000005,1132.2671,298.642,203.160582,loss_cut,0.44,0.44,0.45,0.010000000000000009,-1.914816,,0,0.0,2026-04-16T16:27:05.269450,174.906286,0.53,0.44,3.562238,1,,Lead-lag DOWN @0.500 vel=-0.095%,0.030000000000000027,0.06,-0.11870399999999941,1,0,
1962,2026-04-16,16:26:36,btc,single_leg,up,20260416T155115Z-389e59f3deb1,4.0.3,unknown,389e59f3deb1,both,1,10.0,50000.0,btc-updown-5m-1776356700,single_leg+lead_lag,1,0.51,0.64,0.5,0.51,0.010000000000000009,19.0,19.0,19.0,0,9.69,0.03458159999999999,0.0,2026-04-16T16:25:00+00:00,0.0918,,,-0.09,1132.2671,298.642,3.791386007326498,aligned,80.63,35.0,18.67,15.0,7.5,4.46,0.0,0.13,1132.2671,298.642,203.162528,profit_target,0.64,0.64,0.66,0.020000000000000018,1.8129496,,0,0.0,2026-04-16T16:27:20.684035,159.490596,0.64,0.46,43.815535,1,1,Single-leg UP @0.510,0.13,0.04999999999999999,1.8129496,1,1,
1961,2026-04-16,16:26:35,btc,lead_lag,down,20260416T155115Z-389e59f3deb1,4.0.3,unknown,389e59f3deb1,both,1,10.0,50000.0,btc-updown-5m-1776356700,single_leg+lead_lag,1,0.5,0.56,0.49,0.5,0.010000000000000009,20.0,20.0,20.0,0,10.0,0.035740799999999996,0.0,2026-04-16T16:25:00+00:00,0.05,,,-0.09,1003.4466000000001,688.4184,1.4576115339160023,counter,86.23,35.0,20.0,15.0,7.5,4.16,4.56,0.06000000000000005,688.4184,1003.4466000000001,204.185418,loss_cut,0.44,0.44,0.45,0.010000000000000009,-1.914816,,0,0.0,2026-04-16T16:27:05.578170,174.596676,0.53,0.44,3.623028,1,,Lead-lag DOWN @0.500 vel=-0.095%,0.030000000000000027,0.06,-0.11870399999999941,1,0,
1960,2026-04-16,16:26:35,btc,single_leg,up,20260416T155115Z-389e59f3deb1,4.0.3,unknown,389e59f3deb1,both,1,10.0,50000.0,btc-updown-5m-1776356700,single_leg+lead_lag,1,0.52,0.64,0.5,0.52,0.020000000000000018,19.0,19.0,19.0,0,9.88,0.034559999999999994,0.0,2026-04-16T16:25:00+00:00,0.0936,,,-0.09,688.4184,1003.4466000000001,0.6860538468115792,aligned,81.26,35.0,17.33,15.0,5.0,4.36,4.56,0.12,688.4184,1003.4466000000001,204.187371,profit_target,0.64,0.64,0.65,0.010000000000000009,1.6233600000000001,,0,0.0,2026-04-16T16:27:19.691079,160.48778,0.64,0.46,43.850134,1,1,Single-leg UP @0.520,0.12,0.06,1.6233600000000001,1,1,
1959,2026-04-16,16:26:25,eth,lead_lag,down,20260416T155115Z-389e59f3deb1,4.0.3,unknown,389e59f3deb1,both,1,10.0,50000.0,eth-updown-5m-1776356700,lead_lag,0,0.6,0.6599999999999999,0.59,0.6,0.010000000000000009,16.0,16.0,16.0,0,9.6,0.0334368,-0.11600630115407164,2026-04-16T16:25:00+00:00,0.06,,,-0.09,59.911,26.361199999999997,2.272696235376235,counter,68.24,35.0,7.5,15.0,7.5,3.24,0.0,0.05999999999999994,26.361199999999997,59.911,214.40258,stall_exit,0.54,0.54,0.55,0.010000000000000009,-1.522636799999999,,0,0.0,2026-04-16T16:26:56.311507,183.859709,0.59,0.54,1.233534,1,,Lead-lag DOWN @0.600 vel=-0.087%,0.0,0.05999999999999994,-0.7151488000000001,1,0,
1958,2026-04-16,16:26:23,eth,lead_lag,down,20260416T155115Z-389e59f3deb1,4.0.3,unknown,389e59f3deb1,both,1,10.0,50000.0,eth-updown-5m-1776356700,lead_lag,0,0.59,0.6499999999999999,0.58,0.59,0.010000000000000009,16.0,16.0,16.0,0,9.44,0.0337968,-0.11600630115407164,2026-04-16T16:25:00+00:00,0.059,,,-0.09,55.59,67.24000000000001,0.8267400356930398,counter,76.56,35.0,8.75,15.0,7.5,3.05,7.26,0.05999999999999994,67.24000000000001,55.59,216.450146,stall_exit,0.54,0.54,0.55,0.010000000000000009,-1.3648255999999988,,0,0.0,2026-04-16T16:26:54.334685,185.852623,0.59,0.54,1.258793,1,,Lead-lag DOWN @0.590 vel=-0.086%,0.0,0.04999999999999993,-0.5573376,1,0,
1957,2026-04-16,16:25:26,doge,lead_lag,up,20260416T155115Z-389e59f3deb1,4.0.3,unknown,389e59f3deb1,both,1,10.0,50000.0,doge-updown-5m-1776356700,lead_lag,0,0.65,0.68,0.63,0.65,0.020000000000000018,15.0,15.0,15.0,0,9.75,0.0320472,0.1943336401759329,2026-04-16T16:25:00+00:00,0.065,,,0.09,9.9,4.9552,1.997901194704553,aligned,53.64,35.0,1.25,12.38,5.0,0.0,0.02,0.030000000000000027,9.9,4.9552,273.744859,profit_target,0.7,0.7,0.71,0.010000000000000009,0.27749999999999897,,0,0.0,2026-04-16T16:25:31.151402,269.194792,0.7,0.62,4.887789,1,1,Lead-lag UP @0.650 vel=0.092%,0.04999999999999993,0.030000000000000027,0.27749999999999897,1,1,
1956,2026-04-16,16:25:24,doge,lead_lag,up,20260416T155115Z-389e59f3deb1,4.0.3,unknown,389e59f3deb1,both,1,10.0,50000.0,doge-updown-5m-1776356700,lead_lag,0,0.63,0.68,0.62,0.63,0.010000000000000009,15.0,15.0,15.0,0,9.45,0.03245039999999999,0.20456172650097754,2026-04-16T16:25:00+00:00,0.063,,,0.09,9.6,5.1052,1.880435634255269,aligned,59.14,35.0,3.75,12.0,7.5,0.0,0.89,0.050000000000000044,9.6,5.1052,275.792778,profit_target,0.7,0.7,0.72,0.020000000000000018,0.5714519999999993,,0,0.0,2026-04-16T16:25:31.416260,268.877759,0.7,0.62,7.201528,1,1,Lead-lag UP @0.630 vel=0.092%,0.06999999999999995,0.010000000000000009,0.5714519999999993,1,1,
1955,2026-04-16,16:25:23,doge,lead_lag,up,20260416T155115Z-389e59f3deb1,4.0.3,unknown,389e59f3deb1,both,1,10.0,50000.0,doge-updown-5m-1776356700,lead_lag,0,0.65,0.68,0.64,0.65,0.010000000000000009,15.0,15.0,15.0,0,9.75,0.0320472,0.19431376559623206,2026-04-16T16:25:00+00:00,0.065,,,0.1,9.9,4.8052,2.060268042953467,aligned,56.12,35.0,1.25,12.38,7.5,0.0,0.0,0.030000000000000027,9.9,4.8052,276.81317,profit_target,0.7,0.7,0.72,0.020000000000000018,0.27749999999999897,,0,0.0,2026-04-16T16:25:31.547207,268.623819,0.7,0.62,8.351615,1,1,Lead-lag UP @0.650 vel=0.102%,0.04999999999999993,0.030000000000000027,0.27749999999999897,1,1,
1954,2026-04-16,16:21:24,eth,lead_lag,down,20260416T155115Z-389e59f3deb1,4.0.3,unknown,389e59f3deb1,both,1,10.0,50000.0,eth-updown-5m-1776356400,lead_lag,0,0.56,0.6200000000000001,0.55,0.56,0.010000000000000009,17.0,17.0,17.0,0,9.520000000000001,0.034704,-0.030336694582124266,2026-04-16T16:20:00+00:00,0.056,,,-0.1,129.02499999999998,69.95949999999999,1.8442813342005016,counter,74.34,35.0,12.5,15.0,7.5,3.17,1.17,0.06000000000000005,69.95949999999999,129.02499999999998,215.168355,profit_target,0.63,0.63,0.64,0.010000000000000009,0.6030919999999992,,0,0.0,2026-04-16T16:21:36.714820,203.461825,0.63,0.55,11.863855,1,1,Lead-lag DOWN @0.560 vel=-0.101%,0.06999999999999995,0.010000000000000009,0.6030919999999992,1,0,
1953,2026-04-16,16:21:23,doge,lead_lag,down,20260416T155115Z-389e59f3deb1,4.0.3,unknown,389e59f3deb1,both,1,10.0,50000.0,doge-updown-5m-1776356400,lead_lag,0,0.57,0.6299999999999999,0.56,0.57,0.009999999999999898,17.0,17.0,17.0,0,9.69,0.0344304,-0.10173974972021861,2026-04-16T16:20:00+00:00,0.057,,,-0.1,8.7,6.750000000000001,1.2888888888888885,counter,74.04,35.0,11.25,10.88,7.5,3.07,6.34,0.05999999999999994,6.750000000000001,8.7,216.178491,loss_cut,0.5,0.5,0.51,0.010000000000000009,-1.7960023999999992,,0,0.0,2026-04-16T16:21:46.284497,193.890706,0.6,0.5,21.274347,1,,Lead-lag DOWN @0.570 vel=-0.102%,0.030000000000000027,0.06999999999999995,-0.08376239999999952,1,0,
1952,2026-04-16,16:21:23,btc,lead_lag,down,20260416T155115Z-389e59f3deb1,4.0.3,unknown,389e59f3deb1,both,1,10.0,50000.0,btc-updown-5m-1776356400,lead_lag,0,0.66,0.68,0.65,0.66,0.010000000000000009,15.0,15.0,15.0,0,9.9,0.03182399999999999,0.0,2026-04-16T16:20:00+00:00,0.066,,,-0.09,223.34890000000004,210.1781,1.0626649493929199,counter,69.7,35.0,0.0,15.0,7.5,3.07,9.12,0.020000000000000018,210.1781,223.34890000000004,216.19475,profit_target,0.7,0.7,0.71,0.010000000000000009,0.13084799999999888,,0,0.0,2026-04-16T16:21:28.619597,211.5546,0.7,0.68,4.786224,1,1,Lead-lag DOWN @0.660 vel=-0.094%,0.039999999999999925,0.0,0.13084799999999888,1,1,
1951,2026-04-16,16:21:22,doge,lead_lag,down,20260416T155115Z-389e59f3deb1,4.0.3,unknown,389e59f3deb1,both,1,10.0,50000.0,doge-updown-5m-1776356400,lead_lag,0,0.58,0.6399999999999999,0.56,0.58,0.019999999999999907,17.0,17.0,17.0,0,9.86,0.034128,-0.1220628623741177,2026-04-16T16:20:00+00:00,0.058,,,-0.1,8.85,6.9,1.2826086956521738,counter,70.45,35.0,10.0,11.06,5.0,2.98,6.41,0.05999999999999994,6.9,8.85,217.203784,loss_cut,0.52,0.52,0.54,0.020000000000000018,-1.623676799999999,,0,0.0,2026-04-16T16:21:26.415002,213.761752,0.55,0.52,1.225299,1,,Lead-lag DOWN @0.580 vel=-0.102%,0.0,0.05999999999999994,-1.1111063999999984,1,0,
1950,2026-04-16,16:21:22,eth,lead_lag,down,20260416T155115Z-389e59f3deb1,4.0.3,unknown,389e59f3deb1,both,1,10.0,50000.0,eth-updown-5m-1776356400,lead_lag,0,0.54,0.6000000000000001,0.53,0.54,0.010000000000000009,18.0,18.0,18.0,0,9.72,0.035164799999999996,-0.02093578695058649,2026-04-16T16:20:00+00:00,0.054,,,-0.09,175.7478,41.902100000000004,4.194248020982242,counter,75.48,35.0,15.0,15.0,7.5,2.98,0.0,0.06000000000000005,41.902100000000004,175.7478,217.222856,profit_target,0.61,0.61,0.62,0.010000000000000009,0.6297551999999992,,0,0.0,2026-04-16T16:21:35.904765,204.27326,0.61,0.55,13.098226,1,1,Lead-lag DOWN @0.540 vel=-0.088%,0.06999999999999995,0.0,0.6297551999999992,1,0,
1949,2026-04-16,16:21:20,btc,lead_lag,down,20260416T155115Z-389e59f3deb1,4.0.3,unknown,389e59f3deb1,both,1,10.0,50000.0,btc-updown-5m-1776356400,lead_lag,0,0.59,0.6499999999999999,0.58,0.59,0.010000000000000009,16.0,16.0,16.0,0,9.44,0.0337968,0.0,2026-04-16T16:20:00+00:00,0.059,,,-0.09,811.2505,1340.9876,0.6049649526960578,counter,71.79,35.0,8.75,15.0,7.5,2.79,2.75,0.05999999999999994,1340.9876,811.2505,219.267734,profit_target,0.67,0.67,0.68,0.010000000000000009,0.7466240000000013,,0,0.0,2026-04-16T16:21:24.335169,215.844402,0.67,0.6,3.580404,1,1,Lead-lag DOWN @0.590 vel=-0.086%,0.08000000000000007,0.0,0.7466240000000013,1,1,
1948,2026-04-16,16:21:05,btc,lead_lag,down,20260416T155115Z-389e59f3deb1,4.0.3,unknown,389e59f3deb1,both,1,10.0,50000.0,btc-updown-5m-1776356400,lead_lag,0,0.52,0.5800000000000001,0.51,0.52,0.010000000000000009,19.0,19.0,19.0,0,9.88,0.0355104,0.0,2026-04-16T16:20:00+00:00,0.052,,,-0.08,310.1016,1306.2304000000001,0.23740191623162343,counter,76.4,35.0,17.5,15.0,7.5,1.4,0.0,0.06000000000000005,1306.2304000000001,310.1016,234.608337,profit_target,0.6,0.6,0.61,0.010000000000000009,0.8502271999999993,,0,0.0,2026-04-16T16:21:22.110273,218.148229,0.6,0.54,16.695533,1,1,Lead-lag DOWN @0.520 vel=-0.081%,0.07999999999999996,0.0,0.8502271999999993,1,0,
1947,2026-04-16,16:20:53,sol,lead_lag,up,20260416T155115Z-389e59f3deb1,4.0.3,unknown,389e59f3deb1,both,1,10.0,50000.0,sol-updown-5m-1776356400,lead_lag,0,0.6,0.6599999999999999,0.58,0.6,0.020000000000000018,16.0,16.0,16.0,0,9.6,0.0334368,0.03457416157658308,2026-04-16T16:20:00+00:00,0.06,,,0.08,49.247699999999995,6.449999999999999,7.635302325581395,aligned,62.78,35.0,7.5,15.0,5.0,0.28,0.0,0.05999999999999994,49.247699999999995,6.449999999999999,246.869719,loss_cut,0.51,0.51,0.53,0.020000000000000018,-2.0043647999999994,,0,0.0,2026-04-16T16:20:55.584354,244.590958,0.57,0.51,1.261756,1,,Lead-lag UP @0.600 vel=0.081%,0.0,0.08999999999999997,-1.0388352000000005,1,0,
1946,2026-04-16,16:14:23,doge,lead_lag,down,20260416T155115Z-389e59f3deb1,4.0.3,unknown,389e59f3deb1,both,1,10.0,50000.0,doge-updown-5m-1776355800,lead_lag,0,0.65,0.68,0.64,0.65,0.010000000000000009,15.0,15.0,15.0,0,9.75,0.0320472,-0.11237102870568902,2026-04-16T16:10:00+00:00,0.065,,,-0.13,17.453500000000002,14.6328,1.192765567765568,counter,66.8,35.0,1.25,15.0,7.5,0.59,7.46,0.030000000000000027,14.6328,17.453500000000002,36.471456,profit_target,0.69,0.69,0.7,0.010000000000000009,0.12328799999999887,,0,0.0,2026-04-16T16:14:28.267596,31.907337,0.69,0.66,4.725176,1,1,Lead-lag DOWN @0.650 vel=-0.133%,0.039999999999999925,0.0,0.12328799999999887,1,1,
1945,2026-04-16,16:14:21,doge,lead_lag,down,20260416T155115Z-389e59f3deb1,4.0.3,unknown,389e59f3deb1,both,1,10.0,50000.0,doge-updown-5m-1776355800,lead_lag,0,0.62,0.6799999999999999,0.61,0.62,0.010000000000000009,16.0,16.0,16.0,0,9.92,0.032630400000000004,-0.14295925661186687,2026-04-16T16:10:00+00:00,0.062,,,-0.13,21.108,15.84,1.3325757575757575,counter,69.13,35.0,5.0,15.0,7.5,0.77,5.86,0.05999999999999994,15.84,21.108,38.518892,profit_target,0.68,0.68,0.69,0.009999999999999898,0.43791360000000096,,0,0.0,2026-04-16T16:14:27.504937,32.685883,0.68,0.63,6.013817,1,1,Lead-lag DOWN @0.620 vel=-0.133%,0.06000000000000005,0.0,0.43791360000000096,1,1,
1944,2026-04-16,16:13:27,btc,lead_lag,down,20260416T155115Z-389e59f3deb1,4.0.3,unknown,389e59f3deb1,both,1,10.0,50000.0,btc-updown-5m-1776355800,single_leg+lead_lag,1,0.5,0.56,0.49,0.5,0.010000000000000009,20.0,20.0,20.0,0,10.0,0.035740799999999996,0.0,2026-04-16T16:10:00+00:00,0.05,,,-0.09,2880.7768,151.8682,18.96892700380988,counter,83.2,35.0,20.0,15.0,7.5,5.7,0.0,0.06000000000000005,151.8682,2880.7768,92.714283,stall_exit,0.49,0.49,0.5,0.010000000000000009,-0.9198560000000001,,0,0.0,2026-04-16T16:13:58.177128,61.995244,0.49,0.49,1.218288,1,,Lead-lag DOWN @0.500 vel=-0.089%,0.0,0.010000000000000009,-0.9198560000000001,1,0,
1943,2026-04-16,16:13:27,btc,single_leg,up,20260416T155115Z-389e59f3deb1,4.0.3,unknown,389e59f3deb1,both,1,10.0,50000.0,btc-updown-5m-1776355800,single_leg+lead_lag,1,0.51,0.64,0.5,0.51,0.010000000000000009,19.0,19.0,19.0,0,9.69,0.03458159999999999,0.0,2026-04-16T16:10:00+00:00,0.0918,,,-0.09,151.8682,2880.7768,0.052717794728144154,aligned,81.19,35.0,18.67,15.0,7.5,5.02,0.0,0.13,151.8682,2880.7768,92.715906,loss_cut,0.35,0.35,0.5,0.15000000000000002,-3.6930832000000007,,0,0.0,2026-04-16T16:14:03.965237,56.218276,0.5,0.35,1.20919,1,,Single-leg UP @0.510,0.0,0.16000000000000003,-0.8738632,1,0,
1942,2026-04-16,16:13:23,btc,lead_lag,down,20260416T155115Z-389e59f3deb1,4.0.3,unknown,389e59f3deb1,both,1,10.0,50000.0,btc-updown-5m-1776355800,single_leg+lead_lag,1,0.5,0.56,0.49,0.5,0.010000000000000009,20.0,20.0,20.0,0,10.0,0.035740799999999996,0.0,2026-04-16T16:10:00+00:00,0.05,,,-0.08,2880.7768,151.8682,18.96892700380988,counter,83.57,35.0,20.0,15.0,7.5,6.07,0.0,0.06000000000000005,151.8682,2880.7768,96.811813,stall_exit,0.49,0.49,0.5,0.010000000000000009,-0.9198560000000001,,0,0.0,2026-04-16T16:13:54.088705,66.104448,0.49,0.49,1.211745,1,,Lead-lag DOWN @0.500 vel=-0.081%,0.0,0.010000000000000009,-0.9198560000000001,1,0,
1941,2026-04-16,16:13:23,btc,single_leg,up,20260416T155115Z-389e59f3deb1,4.0.3,unknown,389e59f3deb1,both,1,10.0,50000.0,btc-updown-5m-1776355800,single_leg+lead_lag,1,0.51,0.64,0.5,0.51,0.010000000000000009,19.0,19.0,19.0,0,9.69,0.03458159999999999,0.0,2026-04-16T16:10:00+00:00,0.0918,,,-0.08,151.8682,2880.7768,0.052717794728144154,aligned,81.58,35.0,18.67,15.0,7.5,5.41,0.0,0.13,151.8682,2880.7768,96.813869,loss_cut,0.37,0.37,0.47,0.09999999999999998,-3.3207440000000004,,0,0.0,2026-04-16T16:14:03.518688,56.657092,0.5,0.37,1.223176,1,,Single-leg UP @0.510,0.0,0.14,-0.8738632,1,0,
1940,2026-04-16,16:12:52,btc,lead_lag,down,20260416T155115Z-389e59f3deb1,4.0.3,unknown,389e59f3deb1,both,1,10.0,50000.0,btc-updown-5m-1776355800,single_leg+lead_lag,1,0.5,0.56,0.49,0.5,0.010000000000000009,20.0,20.0,20.0,0,10.0,0.035740799999999996,0.0,2026-04-16T16:10:00+00:00,0.05,,,-0.08,2880.7768,151.8682,18.96892700380988,counter,86.36,35.0,20.0,15.0,7.5,8.86,0.0,0.06000000000000005,151.8682,2880.7768,127.447935,stall_exit,0.49,0.49,0.5,0.010000000000000009,-0.9198560000000001,,0,0.0,2026-04-16T16:13:23.416064,96.759783,0.49,0.49,1.23697,1,,Lead-lag DOWN @0.500 vel=-0.084%,0.0,0.010000000000000009,-0.9198560000000001,1,0,
1939,2026-04-16,16:12:52,btc,single_leg,up,20260416T155115Z-389e59f3deb1,4.0.3,unknown,389e59f3deb1,both,1,10.0,50000.0,btc-updown-5m-1776355800,single_leg+lead_lag,1,0.51,0.64,0.5,0.51,0.010000000000000009,19.0,19.0,19.0,0,9.69,0.03458159999999999,0.0,2026-04-16T16:10:00+00:00,0.0918,,,-0.08,151.8682,2880.7768,0.052717794728144154,aligned,84.5,35.0,18.67,15.0,7.5,8.33,0.0,0.13,151.8682,2880.7768,127.449905,loss_cut,0.37,0.37,0.47,0.09999999999999998,-3.3207440000000004,,0,0.0,2026-04-16T16:14:03.557712,56.618889,0.5,0.37,1.235807,1,,Single-leg UP @0.510,0.0,0.14,-0.8738632,1,0,
1938,2026-04-16,16:12:51,btc,lead_lag,down,20260416T155115Z-389e59f3deb1,4.0.3,unknown,389e59f3deb1,both,1,10.0,50000.0,btc-updown-5m-1776355800,single_leg+lead_lag,1,0.5,0.56,0.49,0.5,0.010000000000000009,20.0,20.0,20.0,0,10.0,0.035740799999999996,0.0,2026-04-16T16:10:00+00:00,0.05,,,-0.08,2880.7768,151.8682,18.96892700380988,counter,86.45,35.0,20.0,15.0,7.5,8.95,0.0,0.06000000000000005,151.8682,2880.7768,128.469533,stall_exit,0.49,0.49,0.5,0.010000000000000009,-0.9198560000000001,,0,0.0,2026-04-16T16:13:22.440591,97.74231,0.49,0.49,1.223672,1,,Lead-lag DOWN @0.500 vel=-0.084%,0.0,0.010000000000000009,-0.9198560000000001,1,0,
1937,2026-04-16,16:12:51,btc,single_leg,up,20260416T155115Z-389e59f3deb1,4.0.3,unknown,389e59f3deb1,both,1,10.0,50000.0,btc-updown-5m-1776355800,single_leg+lead_lag,1,0.51,0.64,0.5,0.51,0.010000000000000009,19.0,19.0,19.0,0,9.69,0.03458159999999999,0.0,2026-04-16T16:10:00+00:00,0.0918,,,-0.08,151.8682,2880.7768,0.052717794728144154,aligned,84.59,35.0,18.67,15.0,7.5,8.43,0.0,0.13,151.8682,2880.7768,128.471104,loss_cut,0.35,0.35,0.46,0.11000000000000004,-3.6930832000000007,,0,0.0,2026-04-16T16:14:03.766230,56.417507,0.5,0.35,1.239248,1,,Single-leg UP @0.510,0.0,0.16000000000000003,-0.8738632,1,0,
1936,2026-04-16,16:12:50,btc,lead_lag,down,20260416T155115Z-389e59f3deb1,4.0.3,unknown,389e59f3deb1,both,1,10.0,50000.0,btc-updown-5m-1776355800,single_leg+lead_lag,1,0.5,0.56,0.49,0.5,0.010000000000000009,20.0,20.0,20.0,0,10.0,0.035740799999999996,0.0,2026-04-16T16:10:00+00:00,0.05,,,-0.09,2880.7768,151.8682,18.96892700380988,counter,86.54,35.0,20.0,15.0,7.5,9.04,0.0,0.06000000000000005,151.8682,2880.7768,129.494653,stall_exit,0.49,0.49,0.5,0.010000000000000009,-0.9198560000000001,,0,0.0,2026-04-16T16:13:21.430609,98.743024,0.49,0.49,1.242396,1,,Lead-lag DOWN @0.500 vel=-0.089%,0.0,0.010000000000000009,-0.9198560000000001,1,0,
1935,2026-04-16,16:12:50,btc,single_leg,up,20260416T155115Z-389e59f3deb1,4.0.3,unknown,389e59f3deb1,both,1,10.0,50000.0,btc-updown-5m-1776355800,single_leg+lead_lag,1,0.51,0.64,0.5,0.51,0.010000000000000009,19.0,19.0,19.0,0,9.69,0.03458159999999999,0.0,2026-04-16T16:10:00+00:00,0.0918,,,-0.09,151.8682,2880.7768,0.052717794728144154,aligned,84.69,35.0,18.67,15.0,7.5,8.52,0.0,0.13,151.8682,2880.7768,129.496606,loss_cut,0.31,0.31,0.44,0.13,-4.4344784,,0,0.0,2026-04-16T16:14:04.987698,55.197542,0.5,0.31,1.240117,1,,Single-leg UP @0.510,0.0,0.2,-0.8738632,1,0,
1934,2026-04-16,16:12:48,btc,lead_lag,down,20260416T155115Z-389e59f3deb1,4.0.3,unknown,389e59f3deb1,both,1,10.0,50000.0,btc-updown-5m-1776355800,single_leg+lead_lag,1,0.5,0.56,0.49,0.5,0.010000000000000009,20.0,20.0,20.0,0,10.0,0.035740799999999996,0.0,2026-04-16T16:10:00+00:00,0.05,,,-0.08,2880.7768,151.8682,18.96892700380988,counter,86.73,35.0,20.0,15.0,7.5,9.23,0.0,0.06000000000000005,151.8682,2880.7768,131.525786,stall_exit,0.49,0.49,0.5,0.010000000000000009,-0.9198560000000001,,0,0.0,2026-04-16T16:13:19.297128,100.889149,0.49,0.49,1.193803,1,,Lead-lag DOWN @0.500 vel=-0.082%,0.0,0.010000000000000009,-0.9198560000000001,1,0,
,,,,,,,,,,,,,,,,,,,,,,,,,,,,,,,,,,,,,,,,,,,,,,,,,,,,,,,,,,,,,,,,,,,,,,,
-- SUMMARY --,,,,,,,,,,,,,,,,,,,,,,,,,,,,,,,,,,,,,,,,,,,,,,,,,,,,,,,,,,,,,,,,,,,,,,,
Trades shown,100,,,,,,,,,,,,,,,,,,,,,,,,,,,,,,,,,,,,,,,,,,,,,,,,,,,,,,,,,,,,,,,,,,,,,,
Wins,0,,,,,,,,,,,,,,,,,,,,,,,,,,,,,,,,,,,,,,,,,,,,,,,,,,,,,,,,,,,,,,,,,,,,,,
Losses,0,,,,,,,,,,,,,,,,,,,,,,,,,,,,,,,,,,,,,,,,,,,,,,,,,,,,,,,,,,,,,,,,,,,,,,
Open,0,,,,,,,,,,,,,,,,,,,,,,,,,,,,,,,,,,,,,,,,,,,,,,,,,,,,,,,,,,,,,,,,,,,,,,
Win rate,0.0%,,,,,,,,,,,,,,,,,,,,,,,,,,,,,,,,,,,,,,,,,,,,,,,,,,,,,,,,,,,,,,,,,,,,,,
Total P&L $,0,,,,,,,,,,,,,,,,,,,,,,,,,,,,,,,,,,,,,,,,,,,,,,,,,,,,,,,,,,,,,,,,,,,,,,
